Task ID,Phase,Title,Status,Priority,Estimated Time,Dependencies,Assignee
TASK-000,Phase 0: Prerequisites & Environment Setup,Verify Development Environment,Ready,Critical,30 minutes,,All
TASK-001,Phase 0: Prerequisites & Environment Setup,Review Project Documentation,Ready,Critical,2 hours,,All
TASK-002,Phase 0: Prerequisites & Environment Setup,Create Git Repository Structure,Ready,High,30 minutes,"TASK-000, TASK-001",Tech Lead
TASK-100,Phase 1: Project Scaffolding,Create Solution and Core Projects,Blocked,Critical,1 hour,TASK-002,Developer 1
TASK-101,Phase 1: Project Scaffolding,Create Marketing Module Projects,Blocked,Critical,45 minutes,TASK-100,Developer 1
TASK-102,Phase 1: Project Scaffolding,Create Production Module Projects,Blocked,Critical,45 minutes,TASK-100,Developer 2
TASK-103,Phase 1: Project Scaffolding,Create Delivery Module Projects,Blocked,Critical,45 minutes,TASK-100,Developer 2
TASK-104,Phase 1: Project Scaffolding,Configure Project References,Blocked,Critical,1 hour,"TASK-101, TASK-102, TASK-103",Developer 1
TASK-105,Phase 1: Project Scaffolding,Install NuGet Packages for Rest Project,Blocked,High,30 minutes,TASK-104,Developer 1
TASK-106,Phase 1: Project Scaffolding,Install NuGet Packages for Infrastructure Projects,Blocked,High,30 minutes,TASK-104,Developer 2
TASK-107,Phase 1: Project Scaffolding,Implement Rest Infrastructure - IModule Interface,Blocked,Critical,30 minutes,TASK-105,Developer 1
TASK-108,Phase 1: Project Scaffolding,Implement OpenAPI Module,Blocked,High,30 minutes,TASK-107,Developer 1
TASK-109,Phase 1: Project Scaffolding,Implement OpenTelemetry Module,Blocked,Medium,30 minutes,TASK-107,Developer 1
TASK-110,Phase 1: Project Scaffolding,Implement Program.cs,Blocked,Critical,45 minutes,"TASK-108, TASK-109",Developer 1
TASK-111,Phase 1: Project Scaffolding,Create appsettings.json Configuration,Blocked,High,15 minutes,TASK-110,Developer 1
TASK-112,Phase 1: Project Scaffolding,Create launchSettings.json,Blocked,High,15 minutes,TASK-110,Developer 1
TASK-113,Phase 1: Project Scaffolding,Create Module Classes for Marketing,Blocked,Critical,1 hour,"TASK-101, TASK-107",Developer 2
TASK-114,Phase 1: Project Scaffolding,Create Module Classes for Production,Blocked,Critical,1 hour,"TASK-102, TASK-107",Developer 2
TASK-115,Phase 1: Project Scaffolding,Create Module Classes for Delivery,Blocked,Critical,1 hour,"TASK-103, TASK-107",Developer 2
TASK-116,Phase 1: Project Scaffolding,Wire Up Modules in ModuleExtensions,Blocked,Critical,30 minutes,"TASK-113, TASK-114, TASK-115",Developer 1
TASK-117,Phase 1: Project Scaffolding,Phase 1 Validation,Blocked,Critical,1 hour,TASK-116,Tech Lead
TASK-200,Phase 2: Muflone Integration & Shared Infrastructure,Create Shared Command Base Class,Blocked,Critical,30 minutes,TASK-117,Developer 1
TASK-201,Phase 2: Muflone Integration & Shared Infrastructure,Create Shared Event Base Classes,Blocked,Critical,45 minutes,TASK-200,Developer 1
TASK-202,Phase 2: Muflone Integration & Shared Infrastructure,Create Shared AggregateRoot Base Class,Blocked,Critical,1 hour,TASK-201,Developer 1
TASK-203,Phase 2: Muflone Integration & Shared Infrastructure,Create Result Pattern Classes,Blocked,High,30 minutes,TASK-202,Developer 1
TASK-204,Phase 2: Muflone Integration & Shared Infrastructure,Create Domain Exception Classes,Blocked,High,30 minutes,TASK-203,Developer 1
TASK-205,Phase 2: Muflone Integration & Shared Infrastructure,Configure Muflone in Infrastructure,Blocked,Critical,2 hours,TASK-204,Developer 2
TASK-206,Phase 2: Muflone Integration & Shared Infrastructure,Update Program.cs with Muflone,Blocked,Critical,30 minutes,TASK-205,Developer 2
TASK-207,Phase 2: Muflone Integration & Shared Infrastructure,Phase 2 Validation,Blocked,Critical,30 minutes,TASK-206,Tech Lead
TASK-300,Phase 3: Marketing Module Implementation,Define Marketing Domain - Letter Aggregate,Blocked,Critical,3 hours,TASK-207,Developer 1
TASK-301,Phase 3: Marketing Module Implementation,Define Marketing Domain - Child Aggregate,Blocked,Critical,3 hours,TASK-300,Developer 1
TASK-302,Phase 3: Marketing Module Implementation,Define Marketing Domain - Wish Aggregate,Blocked,Critical,3 hours,TASK-207,Developer 2
TASK-303,Phase 3: Marketing Module Implementation,Implement Letter Command Handlers,Blocked,Critical,2 hours,TASK-300,Developer 1
TASK-304,Phase 3: Marketing Module Implementation,Implement Child Command Handlers,Blocked,Critical,2 hours,TASK-301,Developer 1
TASK-305,Phase 3: Marketing Module Implementation,Implement Wish Command Handlers,Blocked,Critical,2 hours,TASK-302,Developer 2
TASK-306,Phase 3: Marketing Module Implementation,Define Marketing Read Models (DTOs),Blocked,High,2 hours,TASK-302,Developer 2
TASK-307,Phase 3: Marketing Module Implementation,Implement In-Memory Read Model Store,Blocked,High,3 hours,TASK-306,Developer 2
TASK-308,Phase 3: Marketing Module Implementation,Implement Domain Event Handlers (Projections),Blocked,Critical,4 hours,TASK-307,Developer 1
TASK-309,Phase 3: Marketing Module Implementation,Implement Query Handlers,Blocked,High,3 hours,TASK-307,Developer 2
TASK-310,Phase 3: Marketing Module Implementation,Implement Marketing API Endpoints,Blocked,Critical,6 hours,TASK-309,Developer 1
TASK-311,Phase 3: Marketing Module Implementation,Register Marketing Handlers in Facade,Blocked,Critical,1 hour,"TASK-308, TASK-309, TASK-310",Developer 1
TASK-312,Phase 3: Marketing Module Implementation,Marketing Module Integration Testing,Blocked,High,4 hours,TASK-311,Developer 2
TASK-313,Phase 3: Marketing Module Implementation,Phase 3 Validation,Blocked,Critical,1 hour,TASK-312,Tech Lead
TASK-400,Phase 4: Production & Delivery Modules,Production Module - Domain Entities,Blocked,Critical,3 hours,TASK-313,Developer 1
TASK-401,Phase 4: Production & Delivery Modules,Production Module - Commands and Events,Blocked,Critical,3 hours,TASK-400,Developer 1
TASK-402,Phase 4: Production & Delivery Modules,Production Module - Command Handlers,Blocked,Critical,2 hours,TASK-401,Developer 1
TASK-403,Phase 4: Production & Delivery Modules,Production Module - Read Models,Blocked,High,2 hours,TASK-401,Developer 1
TASK-404,Phase 4: Production & Delivery Modules,Production Module - Event Handlers,Blocked,Critical,4 hours,TASK-403,Developer 1
TASK-405,Phase 4: Production & Delivery Modules,Production Module - Query Handlers,Blocked,High,3 hours,TASK-403,Developer 1
TASK-406,Phase 4: Production & Delivery Modules,Production Module - API Endpoints,Blocked,Critical,6 hours,TASK-405,Developer 1
TASK-407,Phase 4: Production & Delivery Modules,Production Module - Handler Registration,Blocked,Critical,1 hour,TASK-406,Developer 1
TASK-408,Phase 4: Production & Delivery Modules,Production Module - Integration Testing,Blocked,High,4 hours,TASK-407,Developer 1
TASK-409,Phase 4: Production & Delivery Modules,Production Module Validation,Blocked,Critical,1 hour,TASK-408,Tech Lead
TASK-420,Phase 4: Production & Delivery Modules,Delivery Module - Domain Entities,Blocked,Critical,3 hours,TASK-313,Developer 2
TASK-421,Phase 4: Production & Delivery Modules,Delivery Module - Commands and Events,Blocked,Critical,3 hours,TASK-420,Developer 2
TASK-422,Phase 4: Production & Delivery Modules,Delivery Module - Command Handlers,Blocked,Critical,2 hours,TASK-421,Developer 2
TASK-423,Phase 4: Production & Delivery Modules,Delivery Module - Read Models,Blocked,High,2 hours,TASK-421,Developer 2
TASK-424,Phase 4: Production & Delivery Modules,Delivery Module - Event Handlers,Blocked,Critical,4 hours,TASK-423,Developer 2
TASK-425,Phase 4: Production & Delivery Modules,Delivery Module - Query Handlers,Blocked,High,3 hours,TASK-423,Developer 2
TASK-426,Phase 4: Production & Delivery Modules,Delivery Module - API Endpoints,Blocked,Critical,6 hours,TASK-425,Developer 2
TASK-427,Phase 4: Production & Delivery Modules,Delivery Module - Handler Registration,Blocked,Critical,1 hour,TASK-426,Developer 2
TASK-428,Phase 4: Production & Delivery Modules,Delivery Module - Integration Testing,Blocked,High,4 hours,TASK-427,Developer 2
TASK-429,Phase 4: Production & Delivery Modules,Delivery Module Validation,Blocked,Critical,1 hour,TASK-428,Tech Lead
TASK-500,Phase 5: Cross-Module Integration,Define Integration Events,Blocked,Critical,3 hours,"TASK-409, TASK-429",Developer 1
TASK-501,Phase 5: Cross-Module Integration,Implement Integration Event Handlers,Blocked,Critical,4 hours,TASK-500,Developer 1
TASK-502,Phase 5: Cross-Module Integration,Publish Integration Events from Domain Event Handlers,Blocked,Critical,3 hours,TASK-501,Developer 2
TASK-503,Phase 5: Cross-Module Integration,Test End-to-End Flow,Blocked,Critical,4 hours,TASK-502,Developer 2
TASK-600,Phase 6: Architectural Tests,Create Test Projects,Blocked,Critical,1 hour,TASK-503,Developer 1
TASK-601,Phase 6: Architectural Tests,Add Assembly Marker Classes,Blocked,Critical,1 hour,TASK-600,Developer 1
TASK-602,Phase 6: Architectural Tests,Implement Architecture Tests for Marketing,Blocked,Critical,3 hours,TASK-601,Developer 1
TASK-603,Phase 6: Architectural Tests,Implement Module Isolation Tests,Blocked,Critical,2 hours,TASK-602,Developer 1
TASK-604,Phase 6: Architectural Tests,Implement Rest Project Tests,Blocked,High,1 hour,TASK-603,Developer 1
TASK-605,Phase 6: Architectural Tests,Run and Fix Architectural Violations,Blocked,Critical,4-8 hours,TASK-604,Developer 1
TASK-700,Phase 7: Documentation & Polish,Update README.md,Blocked,High,2 hours,TASK-605,Developer 1
TASK-701,Phase 7: Documentation & Polish,Add XML Documentation Comments,Blocked,Medium,3 hours,TASK-605,Developer 2
TASK-702,Phase 7: Documentation & Polish,Create Architecture Decision Records,Blocked,Medium,2 hours,TASK-700,Tech Lead
TASK-703,Phase 7: Documentation & Polish,Performance Testing,Blocked,Medium,4 hours,TASK-700,Developer 2
TASK-704,Phase 7: Documentation & Polish,Security Audit,Blocked,High,3 hours,TASK-703,Tech Lead
